{"mean":{"confidence_interval":{"confidence_level":0.95,"lower_bound":-0.2185248055196285,"upper_bound":-0.2085244710567754},"point_estimate":-0.21383631088883703,"standard_error":0.002502593140719623},"median":{"confidence_interval":{"confidence_level":0.95,"lower_bound":-0.2206463973697268,"upper_bound":-0.21437697001165246},"point_estimate":-0.21817603162404053,"standard_error":0.0016532778386817415}}