{"mean":{"confidence_interval":{"confidence_level":0.95,"lower_bound":-0.17502919865617733,"upper_bound":-0.09641808467623533},"point_estimate":-0.13888184556513394,"standard_error":0.019243876632546814},"median":{"confidence_interval":{"confidence_level":0.95,"lower_bound":-0.1407375330023578,"upper_bound":-0.132083352340145},"point_estimate":-0.13695355949319732,"standard_error":0.002227131140649222}}