{"mean":{"confidence_interval":{"confidence_level":0.95,"lower_bound":-0.2732958267184344,"upper_bound":-0.26025894080167306},"point_estimate":-0.26743641836627063,"standard_error":0.0033104696129445904},"median":{"confidence_interval":{"confidence_level":0.95,"lower_bound":-0.2776978673406273,"upper_bound":-0.2679185271051301},"point_estimate":-0.2730871557032465,"standard_error":0.002392750319545071}}