{"mean":{"confidence_interval":{"confidence_level":0.95,"lower_bound":-0.25163500877144607,"upper_bound":-0.24078556512456392},"point_estimate":-0.2461561657208644,"standard_error":0.002761788978554916},"median":{"confidence_interval":{"confidence_level":0.95,"lower_bound":-0.24728294426410224,"upper_bound":-0.23823504871933432},"point_estimate":-0.2421103899747663,"standard_error":0.002343888871192069}}