{"mean":{"confidence_interval":{"confidence_level":0.95,"lower_bound":0.010826392042579722,"upper_bound":0.1699914819392544},"point_estimate":0.07944123915383083,"standard_error":0.0438221628423952},"median":{"confidence_interval":{"confidence_level":0.95,"lower_bound":0.0003502760005482901,"upper_bound":0.008543126989087213},"point_estimate":0.004287603809814966,"standard_error":0.0019017928574177406}}