{"mean":{"confidence_interval":{"confidence_level":0.95,"lower_bound":199.2756679485891,"upper_bound":200.81822466795907},"point_estimate":199.98836175513134,"standard_error":0.39478185774591085},"median":{"confidence_interval":{"confidence_level":0.95,"lower_bound":198.5340338669022,"upper_bound":199.576730925782},"point_estimate":199.14958620653465,"standard_error":0.30877787895145803},"median_abs_dev":{"confidence_interval":{"confidence_level":0.95,"lower_bound":1.5759392590082528,"upper_bound":2.671149044760754},"point_estimate":2.1744599029601264,"standard_error":0.26821255109507874},"slope":{"confidence_interval":{"confidence_level":0.95,"lower_bound":198.503824887793,"upper_bound":199.44442295524973},"point_estimate":198.9519659654335,"standard_error":0.24102966980209956},"std_dev":{"confidence_interval":{"confidence_level":0.95,"lower_bound":2.418849079227933,"upper_bound":5.2286734010973595},"point_estimate":3.9655199972440656,"standard_error":0.716305413991413}}