{"mean":{"confidence_interval":{"confidence_level":0.95,"lower_bound":-0.1682202756127043,"upper_bound":-0.1139919978039928},"point_estimate":-0.13480997635849534,"standard_error":0.015118083189752126},"median":{"confidence_interval":{"confidence_level":0.95,"lower_bound":-0.12263555389677439,"upper_bound":-0.1155749480683822},"point_estimate":-0.11903595808693146,"standard_error":0.0018653769710366473}}