{"mean":{"confidence_interval":{"confidence_level":0.95,"lower_bound":-0.2239509735215833,"upper_bound":-0.20203860644771163},"point_estimate":-0.21356413180042588,"standard_error":0.005598425091680621},"median":{"confidence_interval":{"confidence_level":0.95,"lower_bound":-0.21961847625475706,"upper_bound":-0.20592197213335628},"point_estimate":-0.21258796999982887,"standard_error":0.0031364018899147994}}