{"mean":{"confidence_interval":{"confidence_level":0.95,"lower_bound":-0.03683983773007864,"upper_bound":-0.029125692089038088},"point_estimate":-0.03307164267336016,"standard_error":0.001976016665288852},"median":{"confidence_interval":{"confidence_level":0.95,"lower_bound":-0.03622350827220833,"upper_bound":-0.028957360793408826},"point_estimate":-0.03201151372742406,"standard_error":0.001841111865726549}}