{"mean":{"confidence_interval":{"confidence_level":0.95,"lower_bound":0.014310781192935638,"upper_bound":0.05453352911348023},"point_estimate":0.033431838751551535,"standard_error":0.01040551670365524},"median":{"confidence_interval":{"confidence_level":0.95,"lower_bound":0.0076773643206689,"upper_bound":0.02967075841169753},"point_estimate":0.018372655250439962,"standard_error":0.005692766619203836}}