{"mean":{"confidence_interval":{"confidence_level":0.95,"lower_bound":-0.21449163648102587,"upper_bound":-0.19872501062424996},"point_estimate":-0.20591360072216436,"standard_error":0.00405169542721956},"median":{"confidence_interval":{"confidence_level":0.95,"lower_bound":-0.2034661745109202,"upper_bound":-0.1945428216327877},"point_estimate":-0.19887187441927257,"standard_error":0.0023378184286182643}}