{"mean":{"confidence_interval":{"confidence_level":0.95,"lower_bound":-0.012141971266498464,"upper_bound":0.004866142125774451},"point_estimate":-0.005116553937174695,"standard_error":0.004317738289964983},"median":{"confidence_interval":{"confidence_level":0.95,"lower_bound":-0.015577184935156363,"upper_bound":-0.008876483165209836},"point_estimate":-0.012914327641002754,"standard_error":0.0016151217088524498}}