{"mean":{"confidence_interval":{"confidence_level":0.95,"lower_bound":-0.10086395505289651,"upper_bound":-0.08768197751009642},"point_estimate":-0.0948334340967727,"standard_error":0.003381694701375709},"median":{"confidence_interval":{"confidence_level":0.95,"lower_bound":-0.10222566918529666,"upper_bound":-0.09745981168786577},"point_estimate":-0.09923247415830982,"standard_error":0.0012119792238887666}}