{"mean":{"confidence_interval":{"confidence_level":0.95,"lower_bound":-0.019957559384638363,"upper_bound":0.0018688182003561325},"point_estimate":-0.00980009007559235,"standard_error":0.005687584593962857},"median":{"confidence_interval":{"confidence_level":0.95,"lower_bound":-0.022100928366419303,"upper_bound":-0.016255256859183727},"point_estimate":-0.01881628234944266,"standard_error":0.0015588182629828696}}