{"mean":{"confidence_interval":{"confidence_level":0.95,"lower_bound":-0.09135195221968154,"upper_bound":-0.05131867555865639},"point_estimate":-0.06768470530131288,"standard_error":0.010551429922225233},"median":{"confidence_interval":{"confidence_level":0.95,"lower_bound":-0.05923459169431833,"upper_bound":-0.04330571468805677},"point_estimate":-0.05210247479796626,"standard_error":0.0040524842760627094}}