{"mean":{"confidence_interval":{"confidence_level":0.95,"lower_bound":3526.569649380692,"upper_bound":3552.415944743876},"point_estimate":3538.2851666737847,"standard_error":6.626122497209849},"median":{"confidence_interval":{"confidence_level":0.95,"lower_bound":3518.617499289032,"upper_bound":3525.4320161411697},"point_estimate":3521.956382158767,"standard_error":1.9477255709485215},"median_abs_dev":{"confidence_interval":{"confidence_level":0.95,"lower_bound":10.975123637789569,"upper_bound":22.09481606812338},"point_estimate":14.529243013039695,"standard_error":2.9828025317096416},"slope":{"confidence_interval":{"confidence_level":0.95,"lower_bound":3520.7123516515167,"upper_bound":3538.5823531924148},"point_estimate":3528.2343705229005,"standard_error":4.625957254074664},"std_dev":{"confidence_interval":{"confidence_level":0.95,"lower_bound":37.286350044161324,"upper_bound":89.38165146023913},"point_estimate":66.31815329082825,"standard_error":13.358725911307333}}