{"mean":{"confidence_interval":{"confidence_level":0.95,"lower_bound":-0.24256086311450942,"upper_bound":-0.18695582160561341},"point_estimate":-0.2175263144542685,"standard_error":0.01391480587144224},"median":{"confidence_interval":{"confidence_level":0.95,"lower_bound":-0.22731573461154175,"upper_bound":-0.21839996805287165},"point_estimate":-0.22233588500134693,"standard_error":0.0023146931590858947}}