{"mean":{"confidence_interval":{"confidence_level":0.95,"lower_bound":-0.375802024918691,"upper_bound":-0.2624316964468827},"point_estimate":-0.30705039339897433,"standard_error":0.033593834025565705},"median":{"confidence_interval":{"confidence_level":0.95,"lower_bound":-0.26276728512153036,"upper_bound":-0.25524655786211403},"point_estimate":-0.25892859330909235,"standard_error":0.0017502544792941906}}