{"mean":{"confidence_interval":{"confidence_level":0.95,"lower_bound":-0.2930394199123462,"upper_bound":-0.22122926424467337},"point_estimate":-0.24938091549425012,"standard_error":0.02010883546931551},"median":{"confidence_interval":{"confidence_level":0.95,"lower_bound":-0.22693268632596952,"upper_bound":-0.2162429061369905},"point_estimate":-0.22224517438064695,"standard_error":0.0027929782392014605}}