{"mean":{"confidence_interval":{"confidence_level":0.95,"lower_bound":-0.2738423006928841,"upper_bound":-0.13204691184166945},"point_estimate":-0.2183935180635468,"standard_error":0.03466674173851511},"median":{"confidence_interval":{"confidence_level":0.95,"lower_bound":-0.2882247436694958,"upper_bound":-0.2801909941581535},"point_estimate":-0.28269436208437837,"standard_error":0.0022104320561191454}}