{"mean":{"confidence_interval":{"confidence_level":0.95,"lower_bound":-0.1953988619003112,"upper_bound":-0.1578946227425976},"point_estimate":-0.1726587850122201,"standard_error":0.010200372373824115},"median":{"confidence_interval":{"confidence_level":0.95,"lower_bound":-0.163106694607019,"upper_bound":-0.15663949290633705},"point_estimate":-0.16036262705043003,"standard_error":0.0016428503193772106}}