{"mean":{"confidence_interval":{"confidence_level":0.95,"lower_bound":-0.052950748026658626,"upper_bound":-0.04164031722387899},"point_estimate":-0.04806484710982972,"standard_error":0.00286993930736121},"median":{"confidence_interval":{"confidence_level":0.95,"lower_bound":-0.05235028521196594,"upper_bound":-0.047952753205225185},"point_estimate":-0.05048889499726639,"standard_error":0.0011444322711118247}}