{"mean":{"confidence_interval":{"confidence_level":0.95,"lower_bound":-0.017276344651840005,"upper_bound":0.00047720803334577554},"point_estimate":-0.008279034315786249,"standard_error":0.0044961055369644835},"median":{"confidence_interval":{"confidence_level":0.95,"lower_bound":-0.009037157950866972,"upper_bound":-0.0016158950751619106},"point_estimate":-0.005391840650602386,"standard_error":0.0017939744811736958}}