{"mean":{"confidence_interval":{"confidence_level":0.95,"lower_bound":-0.008144660297359496,"upper_bound":0.005037605880599024},"point_estimate":-0.0022051584617357456,"standard_error":0.0034376944987547964},"median":{"confidence_interval":{"confidence_level":0.95,"lower_bound":-0.011313095059018674,"upper_bound":-0.0025488256048438185},"point_estimate":-0.00821963553148164,"standard_error":0.0022285657358262967}}