{"mean":{"confidence_interval":{"confidence_level":0.95,"lower_bound":-0.21050052429006819,"upper_bound":-0.19556760270106385},"point_estimate":-0.20260832248180782,"standard_error":0.0038233932632495632},"median":{"confidence_interval":{"confidence_level":0.95,"lower_bound":-0.20064082277192732,"upper_bound":-0.19361605837231033},"point_estimate":-0.1958301821027233,"standard_error":0.0018753037387395908}}