{"mean":{"confidence_interval":{"confidence_level":0.95,"lower_bound":0.02671188144990388,"upper_bound":0.03626419380323904},"point_estimate":0.03170355482242049,"standard_error":0.002442081126753472},"median":{"confidence_interval":{"confidence_level":0.95,"lower_bound":0.027122615320575694,"upper_bound":0.03623964600330698},"point_estimate":0.03125901272046949,"standard_error":0.0024021083077512737}}