{"mean":{"confidence_interval":{"confidence_level":0.95,"lower_bound":-0.15863270615692326,"upper_bound":-0.04448261406859675},"point_estimate":-0.09099817682126599,"standard_error":0.03096608895372884},"median":{"confidence_interval":{"confidence_level":0.95,"lower_bound":-0.04295899185768903,"upper_bound":-0.03141367914467652},"point_estimate":-0.03543348809796987,"standard_error":0.002998868561182532}}