{"mean":{"confidence_interval":{"confidence_level":0.95,"lower_bound":-0.02184376875771881,"upper_bound":-0.007461617651052017},"point_estimate":-0.014585859182648098,"standard_error":0.0036508556629803474},"median":{"confidence_interval":{"confidence_level":0.95,"lower_bound":-0.019906027996719255,"upper_bound":-0.005433060412054602},"point_estimate":-0.012767282181799344,"standard_error":0.00368449765501568}}