{"mean":{"confidence_interval":{"confidence_level":0.95,"lower_bound":0.014472487688004,"upper_bound":0.03313934486910142},"point_estimate":0.024091300396000603,"standard_error":0.004730207068091422},"median":{"confidence_interval":{"confidence_level":0.95,"lower_bound":0.024212599449891847,"upper_bound":0.03532499226165986},"point_estimate":0.030907555818435517,"standard_error":0.002821407107347242}}