{"mean":{"confidence_interval":{"confidence_level":0.95,"lower_bound":-0.03334451471519347,"upper_bound":-0.020301843848485907},"point_estimate":-0.027136037627456422,"standard_error":0.0033995374450602033},"median":{"confidence_interval":{"confidence_level":0.95,"lower_bound":-0.041883892111872933,"upper_bound":-0.032318715443862445},"point_estimate":-0.037325113920175235,"standard_error":0.0023409639471092926}}