{"mean":{"confidence_interval":{"confidence_level":0.95,"lower_bound":-0.17069156897790386,"upper_bound":-0.131296674801895},"point_estimate":-0.1493110041305944,"standard_error":0.010101452307713473},"median":{"confidence_interval":{"confidence_level":0.95,"lower_bound":-0.12731822575912655,"upper_bound":-0.11790363606360388},"point_estimate":-0.12359486527200436,"standard_error":0.0024772978870232667}}