{"mean":{"confidence_interval":{"confidence_level":0.95,"lower_bound":-0.1075490755259275,"upper_bound":-0.09660520438448691},"point_estimate":-0.1018244188792008,"standard_error":0.002782819741376201},"median":{"confidence_interval":{"confidence_level":0.95,"lower_bound":-0.10192247810986121,"upper_bound":-0.09702613627695238},"point_estimate":-0.09899080493901258,"standard_error":0.001272035308165337}}