{"mean":{"confidence_interval":{"confidence_level":0.95,"lower_bound":0.01214766373720732,"upper_bound":0.04092604763430726},"point_estimate":0.026034157111032075,"standard_error":0.007183899520009531},"median":{"confidence_interval":{"confidence_level":0.95,"lower_bound":0.002355498019057878,"upper_bound":0.01191661862681892},"point_estimate":0.006702839383560866,"standard_error":0.002256137150593998}}