{"mean":{"confidence_interval":{"confidence_level":0.95,"lower_bound":-0.2005168505441655,"upper_bound":-0.17102447580386113},"point_estimate":-0.1887105763721436,"standard_error":0.007740419087212973},"median":{"confidence_interval":{"confidence_level":0.95,"lower_bound":-0.21042292833097265,"upper_bound":-0.1998498259025654},"point_estimate":-0.20643831458453898,"standard_error":0.0023992364894206467}}