{"mean":{"confidence_interval":{"confidence_level":0.95,"lower_bound":2709.5024054466894,"upper_bound":2767.0841185719096},"point_estimate":2734.751437661211,"standard_error":14.818759325719428},"median":{"confidence_interval":{"confidence_level":0.95,"lower_bound":2697.3667634576727,"upper_bound":2704.623432935898},"point_estimate":2701.0316486390866,"standard_error":1.8315332174436256},"median_abs_dev":{"confidence_interval":{"confidence_level":0.95,"lower_bound":12.491849021040256,"upper_bound":19.958861287134024},"point_estimate":16.452128729954605,"standard_error":1.906842423745123},"slope":{"confidence_interval":{"confidence_level":0.95,"lower_bound":2695.822118475085,"upper_bound":2701.6879652431085},"point_estimate":2698.7466112771385,"standard_error":1.4962015828366515},"std_dev":{"confidence_interval":{"confidence_level":0.95,"lower_bound":59.74056384115824,"upper_bound":219.4120070961712},"point_estimate":149.27769883859636,"standard_error":41.02679096496565}}